timestamp,x_uT,y_uT,z_uT
1.0,30.45,-29.18,-82.14
2.0,33.18,-32.00,-84.29
3.1,42.82,-35.09,-93.27
3.1,42.82,-35.09,-93.27
4.1,50.45,-32.27,-105.71
5.1,55.55,-16.91,-115.41
6.1,55.55,-16.91,-115.41
7.0,49.82,-2.82,-115.20
8.0,49.82,-2.82,-115.20
8.0,35.00,6.36,-104.49
9.0,28.91,3.73,-94.59
10.0,28.91,3.73,-94.59
11.0,23.91,-3.09,-86.63
12.0,23.82,-6.27,-83.37
13.0,23.82,-6.27,-83.37
14.0,24.91,-10.36,-81.02
15.0,24.91,-10.36,-81.02
16.1,24.00,-12.55,-79.80
17.2,23.73,-14.18,-79.29
17.2,23.73,-14.18,-79.29
18.7,24.18,-13.64,-78.06
18.7,24.09,-14.45,-79.49
20.2,24.09,-14.45,-79.49
21.6,22.82,-15.91,-79.59
22.7,22.82,-15.91,-79.59
22.7,23.36,-15.73,-79.80
23.7,21.91,-17.73,-81.63
24.7,21.91,-17.73,-81.63
26.0,22.64,-18.91,-81.94
27.5,21.91,-19.36,-80.51
28.9,21.91,-19.36,-80.51
29.9,22.55,-21.45,-81.02
30.9,22.55,-21.45,-81.02
31.9,21.82,-16.82,-80.82
32.9,23.55,-17.36,-81.63
34.0,23.55,-17.36,-81.63
34.9,20.64,-17.64,-81.12
35.9,23.45,-18.55,-80.92
36.9,23.45,-18.55,-80.92
38.0,21.18,-18.27,-81.84
38.9,21.18,-18.27,-81.84
39.9,23.82,-18.27,-82.45
39.9,22.55,-19.27,-79.29
40.9,22.55,-19.27,-79.29
41.9,22.55,-19.64,-80.82
42.9,22.73,-18.18,-81.73
43.9,22.73,-18.18,-81.73
43.9,23.45,-19.18,-79.90
44.9,23.45,-19.18,-79.90
45.9,22.64,-18.82,-79.90
46.9,21.45,-16.36,-81.53
48.9,21.45,-16.36,-81.53
49.9,20.36,-19.64,-80.61
50.9,20.36,-19.64,-80.61
51.9,22.18,-20.64,-80.41
52.9,21.82,-20.91,-82.76
53.9,21.82,-20.91,-82.76
53.9,21.64,-18.45,-82.76
54.9,21.82,-18.45,-80.92
55.9,21.82,-18.45,-80.92
56.9,23.00,-20.45,-80.41
56.9,23.00,-20.45,-80.41
59.0,23.36,-20.18,-81.63
59.9,21.36,-20.91,-79.80
60.9,21.36,-20.91,-79.80
61.9,22.55,-21.00,-80.10
62.9,21.00,-21.18,-78.98
63.9,21.00,-21.18,-78.98
65.9,26.45,-22.36,-78.16
65.9,26.45,-22.36,-78.16
66.9,25.82,-22.09,-75.10
67.9,27.45,-21.91,-71.73
69.0,27.45,-21.91,-71.73
70.0,30.36,-18.27,-70.82
71.0,27.64,-18.45,-69.08
72.0,27.64,-18.45,-69.08
73.0,30.18,-17.27,-69.18
73.0,30.18,-17.27,-69.18
75.0,31.45,-15.64,-67.76
76.0,26.73,-15.09,-68.16
76.0,26.73,-15.09,-68.16
77.0,27.27,-15.36,-67.96
78.0,29.91,-15.55,-68.27
79.0,29.91,-15.55,-68.27
80.0,27.36,-13.00,-69.29
81.0,27.36,-13.00,-69.29
82.0,26.82,-14.27,-70.61
82.0,28.91,-13.18,-70.92
83.0,28.91,-13.18,-70.92
84.0,28.64,-13.73,-70.61
85.0,29.00,-13.18,-70.20
85.0,29.00,-13.18,-70.20
86.0,28.91,-12.09,-69.69
87.0,28.91,-12.09,-69.69
88.0,28.64,-14.64,-71.02
89.0,31.82,-13.27,-71.22
89.0,31.82,-13.27,-71.22
91.0,27.45,-14.18,-70.20
91.0,30.55,-16.09,-69.59
92.0,30.55,-16.09,-69.59
93.0,28.09,-14.91,-72.14
94.0,28.09,-14.91,-72.14
95.0,30.64,-14.45,-71.12
95.0,30.73,-13.73,-70.51
96.0,30.73,-13.73,-70.51
97.0,32.45,-14.64,-70.92
98.0,28.64,-13.82,-71.12
98.5,28.64,-13.82,-71.12
99.5,28.27,-14.00,-70.41
100.5,28.27,-14.00,-70.41
101.6,29.91,-14.36,-70.61
102.6,29.91,-14.09,-72.04
103.6,29.91,-14.09,-72.04
103.6,30.64,-12.45,-71.02
104.6,30.00,-15.09,-70.00
105.6,30.00,-15.09,-70.00
106.6,29.55,-12.00,-70.82
107.6,29.55,-12.00,-70.82
107.6,31.73,-12.91,-70.92
108.6,27.64,-11.09,-71.53
109.6,27.64,-11.09,-71.53
110.6,30.64,-15.73,-71.43
111.6,29.27,-12.64,-70.20
112.5,29.27,-12.64,-70.20
112.5,28.91,-12.73,-70.61
113.5,28.91,-12.73,-70.61
114.5,29.55,-13.55,-69.80
115.5,29.91,-13.73,-70.61
116.5,29.91,-13.73,-70.61
117.5,29.27,-16.09,-70.92
117.5,30.45,-13.36,-71.73
118.5,30.45,-13.36,-71.73
119.5,29.45,-14.64,-71.02
120.5,29.45,-14.64,-71.02
121.5,28.18,-14.36,-71.63
123.5,30.27,-12.91,-72.76
123.5,30.27,-12.91,-72.76
124.5,29.00,-15.45,-70.82
125.5,29.27,-13.27,-70.51
126.5,29.27,-13.27,-70.51
127.5,29.18,-11.00,-71.33
127.5,29.18,-11.00,-71.33
128.5,30.64,-13.00,-70.71
129.9,29.91,-14.82,-71.94
131.0,29.91,-14.82,-71.94
131.0,29.09,-15.09,-68.98
132.4,30.91,-15.64,-70.61
133.4,30.91,-15.64,-70.61
133.4,29.55,-14.55,-70.41
134.4,29.55,-14.55,-70.41
135.4,30.27,-13.36,-70.71
136.4,27.55,-12.45,-70.20
137.4,27.55,-12.45,-70.20
138.4,29.82,-13.27,-71.02
139.6,28.45,-13.55,-71.43
139.6,28.45,-13.55,-71.43
140.7,28.36,-13.64,-69.69
141.7,28.36,-13.64,-69.69
142.7,30.36,-14.55,-70.41
143.7,29.45,-14.45,-71.22
144.7,29.45,-14.45,-71.22
145.7,29.00,-14.73,-72.24
145.7,28.09,-11.82,-70.71
146.7,28.09,-11.82,-70.71
147.7,30.27,-14.18,-70.82
148.7,30.27,-14.18,-70.82
149.7,28.36,-12.91,-72.35
149.7,30.18,-14.18,-71.12
150.7,30.18,-14.18,-71.12
151.7,28.09,-15.00,-71.63
152.7,30.55,-14.73,-71.22
153.7,30.55,-14.73,-71.22
154.7,30.00,-13.27,-73.27
154.7,30.00,-13.27,-73.27
155.7,28.45,-14.82,-71.53
156.8,30.64,-14.73,-70.82
157.8,30.64,-14.73,-70.82
157.8,27.36,-14.00,-70.31
158.8,26.64,-12.36,-72.45
159.8,26.64,-12.36,-72.45
160.8,30.64,-15.36,-70.31
161.8,30.64,-15.36,-70.31
162.8,30.73,-14.09,-70.71
163.8,30.55,-15.18,-70.20
164.8,30.55,-15.18,-70.20
165.3,30.36,-15.27,-70.82
166.3,29.91,-15.55,-71.73
167.3,29.91,-15.55,-71.73
167.3,28.91,-14.36,-71.12
168.3,28.91,-14.36,-71.12
169.3,27.82,-13.82,-71.73
170.3,28.73,-13.91,-70.31
171.3,28.73,-13.91,-70.31
172.3,29.45,-13.36,-70.71
172.3,29.45,-12.82,-71.12
173.3,29.55,-12.82,-71.12
174.3,30.36,-13.64,-71.22
175.3,30.36,-13.64,-71.22
176.3,29.18,-14.55,-69.49
177.3,28.73,-14.91,-70.41
177.3,28.73,-14.91,-70.41
178.3,30.18,-13.27,-70.61
179.3,30.18,-13.27,-70.61
180.3,33.64,-14.45,-71.33
181.3,30.09,-12.64,-69.59
182.3,30.09,-12.64,-69.59
182.3,30.00,-12.36,-71.43
184.3,31.00,-14.45,-72.04
184.3,31.00,-14.45,-72.04
185.3,30.82,-13.09,-72.55
186.3,30.82,-13.09,-72.55
187.3,29.09,-13.91,-70.20
188.3,28.45,-13.09,-69.80
188.3,28.45,-13.09,-69.80
189.3,27.82,-13.73,-70.71
190.3,28.45,-13.55,-69.80
191.3,28.45,-13.55,-69.80
192.3,29.82,-14.09,-70.10
193.3,29.82,-14.09,-70.10
193.3,28.45,-13.55,-70.31
194.3,30.82,-15.36,-69.29
195.3,30.82,-15.36,-69.29
196.3,31.82,-14.09,-70.71
197.3,30.27,-12.45,-71.53
198.9,30.27,-12.45,-71.53
198.9,28.00,-15.18,-71.33
200.1,28.00,-15.18,-71.33
201.2,30.00,-14.55,-70.71
202.2,29.00,-15.82,-72.14
202.2,29.00,-15.82,-72.14
203.2,29.45,-14.18,-71.43
204.2,29.09,-14.73,-69.39
205.2,29.09,-14.73,-69.39
206.2,29.00,-12.27,-70.92
206.2,29.00,-12.27,-70.92
207.2,29.00,-11.82,-71.12
208.2,29.64,-16.00,-71.73
209.2,29.64,-16.00,-71.73
210.2,29.64,-14.00,-70.41
210.2,31.00,-13.36,-71.12
211.2,31.00,-13.36,-71.12
213.2,31.64,-13.27,-71.22
213.2,31.64,-13.27,-71.22
214.2,29.00,-14.64,-71.33
215.6,29.82,-14.36,-70.31
216.7,29.82,-14.36,-70.31
216.7,31.36,-12.18,-70.82
217.7,28.18,-12.73,-70.61
218.7,28.18,-12.73,-70.61
219.7,31.73,-13.91,-70.61
220.7,31.73,-13.91,-70.61
221.7,30.36,-13.09,-71.43
221.7,30.00,-14.18,-71.53
222.7,30.00,-14.18,-71.53
223.7,28.45,-14.27,-69.59
224.7,27.27,-13.82,-70.31
225.7,27.27,-13.82,-70.31
225.7,28.36,-14.00,-69.80
226.7,28.36,-14.00,-69.80
227.7,31.36,-14.36,-70.61
228.7,27.09,-15.27,-71.84
229.7,27.09,-15.27,-71.84
229.7,29.55,-14.09,-71.02
231.0,30.45,-14.73,-71.22
232.1,30.45,-14.73,-71.22
233.2,28.64,-15.91,-70.92
234.2,28.64,-15.91,-70.92
234.2,27.27,-12.73,-72.04
235.2,29.64,-14.82,-71.53
236.2,29.64,-14.82,-71.53
237.2,30.09,-15.18,-70.82
238.2,28.55,-12.27,-71.73
238.2,28.55,-12.27,-71.73
239.2,29.82,-14.18,-70.41
240.2,29.82,-14.18,-70.41
241.2,30.09,-13.64,-71.02
242.2,29.27,-13.73,-70.82
242.2,29.27,-13.73,-70.82
243.2,30.91,-14.45,-70.82
244.2,29.64,-13.82,-71.02
245.2,29.64,-13.82,-71.02
246.2,29.73,-13.27,-70.71
247.2,29.73,-13.27,-70.71
248.2,32.27,-13.91,-71.12
249.2,29.82,-14.82,-71.22
249.2,29.82,-14.82,-71.22
250.2,30.27,-14.00,-70.82
251.2,29.73,-12.55,-71.22
252.2,29.73,-12.55,-71.22
252.2,29.82,-13.73,-70.92
253.2,29.82,-13.73,-70.92
254.2,29.64,-11.73,-70.31
255.2,27.64,-15.18,-71.63
256.2,27.64,-15.18,-71.63
256.2,30.45,-14.91,-72.24
257.2,28.45,-15.27,-70.61
258.2,28.45,-15.27,-70.61
259.2,29.82,-15.64,-71.22
260.2,29.82,-15.64,-71.22
260.2,28.00,-13.27,-70.51
262.2,30.09,-15.27,-71.22
263.2,30.09,-15.27,-71.22
264.2,31.36,-14.45,-70.51
265.7,30.45,-15.36,-70.82
266.7,30.45,-15.36,-70.82
266.7,29.09,-12.09,-70.20
267.7,29.09,-12.09,-70.20
268.7,29.91,-13.36,-72.45
269.7,27.64,-12.00,-69.29
270.7,27.64,-12.00,-69.29
270.7,26.73,-15.09,-71.43
271.7,27.55,-13.18,-70.10
272.7,27.55,-13.18,-70.10
273.7,29.55,-13.64,-71.22
274.7,29.55,-13.64,-71.22
274.7,29.00,-15.00,-69.18
275.7,31.55,-11.82,-71.33
276.7,31.55,-11.82,-71.33
277.7,30.36,-13.55,-69.80
278.7,29.91,-15.09,-71.53
279.8,29.91,-15.09,-71.53
280.8,26.09,-13.36,-71.02
281.8,26.09,-13.36,-71.02
281.8,29.27,-13.55,-71.12
282.9,28.45,-14.45,-70.31
283.9,28.45,-14.45,-70.31
284.9,30.73,-14.91,-69.90
284.9,30.45,-13.73,-71.73
285.9,30.45,-13.73,-71.73
286.9,31.64,-14.82,-71.53
287.9,31.64,-14.82,-71.53
288.9,30.09,-13.82,-70.41
289.9,30.09,-12.27,-70.71
289.9,30.09,-12.27,-70.71
290.9,29.27,-14.36,-71.63
291.9,29.73,-15.00,-70.10
292.9,29.73,-15.00,-70.10
293.9,28.45,-16.00,-70.31
294.9,28.45,-16.00,-70.31
295.9,28.91,-13.00,-70.61
295.9,31.00,-14.18,-71.22
296.9,31.00,-14.18,-71.22
298.4,29.45,-14.09,-72.35
298.4,28.27,-14.00,-71.02
299.4,28.27,-14.00,-71.02
300.4,29.36,-14.64,-70.82
301.4,29.36,-14.64,-70.82
302.4,29.36,-13.27,-70.20
302.4,26.00,-16.00,-70.10
303.4,26.00,-16.00,-70.10
304.4,29.09,-12.64,-70.61
305.4,31.18,-13.82,-71.43
306.4,31.18,-13.82,-71.43
306.4,29.64,-15.64,-71.12
308.9,29.64,-15.64,-71.12
309.9,28.18,-15.82,-72.55
310.9,29.00,-14.45,-71.12
312.0,29.00,-14.45,-71.12
313.0,30.45,-14.00,-70.71
314.0,30.45,-14.00,-70.71
315.0,30.45,-14.00,-70.71
315.0,29.64,-16.36,-69.90
316.0,29.64,-16.36,-69.90
317.0,30.18,-12.64,-70.71
318.0,28.82,-14.27,-70.41
319.0,28.82,-14.27,-70.41
319.0,31.73,-13.18,-69.08
320.0,31.73,-13.18,-69.08
321.0,29.91,-14.36,-72.24
322.0,30.09,-13.36,-70.10
324.0,30.09,-13.36,-70.10
324.0,28.73,-14.45,-71.22
325.0,29.45,-15.64,-70.31
326.0,29.45,-15.64,-70.31
327.0,28.73,-14.45,-71.43
328.0,28.73,-14.45,-71.43
329.0,27.64,-14.91,-70.20
330.0,30.09,-13.09,-71.02
331.5,30.09,-13.09,-71.02
332.2,29.82,-14.27,-71.43
333.2,29.00,-12.91,-71.43
334.2,29.00,-12.91,-71.43
335.1,28.64,-14.82,-71.22
335.7,28.64,-14.82,-71.22
336.7,32.00,-14.82,-71.12
337.7,31.36,-14.73,-70.71
338.8,31.36,-14.73,-70.71
340.0,29.27,-14.09,-70.61
340.0,30.45,-14.55,-71.02
341.4,30.45,-14.55,-71.02
342.4,29.18,-14.18,-70.00
343.4,29.18,-14.18,-70.00
343.4,29.45,-14.27,-70.31
344.4,29.45,-14.27,-71.02
345.4,29.45,-14.27,-71.02
346.4,29.18,-12.91,-71.12
347.4,29.45,-14.00,-71.73
348.4,29.45,-14.00,-71.73
349.4,31.64,-13.45,-70.71
350.4,31.64,-13.45,-70.71
351.4,32.45,-13.82,-71.73
351.4,29.27,-14.09,-70.61
352.4,29.27,-14.09,-70.61
353.4,31.00,-14.18,-71.43
354.4,30.91,-14.00,-71.73
355.4,30.91,-14.00,-71.73
356.4,32.36,-13.64,-69.90
357.4,32.36,-13.64,-69.90
357.4,28.36,-14.55,-71.94
358.4,28.73,-14.64,-71.22
359.4,28.73,-14.64,-71.22
360.4,30.36,-14.36,-71.33
361.4,29.45,-14.18,-69.80
362.4,29.45,-14.18,-69.80
362.4,28.09,-14.91,-70.31
363.4,28.09,-14.91,-70.31
364.4,30.36,-14.27,-70.71
365.4,30.09,-13.45,-71.12
366.4,30.09,-13.45,-71.12
366.4,30.00,-13.45,-71.22
367.4,31.55,-14.00,-72.35
368.4,31.55,-14.00,-72.35
369.4,30.09,-14.64,-71.22
370.4,30.09,-14.64,-71.22
371.4,28.18,-14.09,-71.73
371.4,31.00,-14.45,-69.90
372.4,31.00,-14.45,-69.90
373.4,29.64,-14.91,-71.22
374.4,30.64,-13.64,-70.20
375.4,30.64,-13.64,-70.20
375.4,28.64,-13.45,-70.31
376.4,28.64,-13.45,-70.31
377.4,30.18,-14.00,-71.22
378.4,30.64,-14.55,-71.22
379.4,30.64,-14.55,-71.22
380.4,28.45,-15.27,-70.71
381.4,27.64,-15.27,-70.61
381.4,27.64,-15.27,-70.61
382.4,28.64,-12.91,-70.51
383.4,28.64,-12.91,-70.51
384.4,26.73,-13.27,-72.76
385.4,29.18,-13.64,-70.61
386.4,29.18,-13.64,-70.61
386.4,28.82,-10.55,-70.61
387.4,30.55,-13.00,-71.63
388.4,30.55,-13.00,-71.63
389.4,28.91,-13.73,-70.00
390.4,28.91,-13.73,-70.00
390.4,29.09,-15.18,-70.31
391.4,28.91,-12.18,-71.22
392.4,28.91,-12.18,-71.22
393.4,28.64,-14.36,-70.92
394.4,30.64,-14.45,-69.69
395.4,30.64,-14.45,-69.69
396.4,31.91,-13.73,-70.31
396.4,31.91,-13.73,-70.31
397.4,29.64,-12.00,-70.51
398.4,30.55,-13.00,-70.41
399.5,30.55,-13.00,-70.41
400.5,30.45,-15.18,-69.80
400.5,27.73,-12.00,-69.39
401.5,27.73,-12.00,-69.39
402.5,30.18,-14.55,-70.92
403.5,30.18,-14.55,-70.92
404.5,29.64,-13.73,-71.63
405.5,28.27,-12.91,-71.33
406.5,28.27,-12.91,-71.33
406.5,30.00,-14.64,-70.41
407.5,28.82,-15.18,-69.80
408.5,28.82,-15.18,-69.80
409.5,30.64,-13.73,-70.82
409.5,30.64,-13.73,-70.82
410.5,29.73,-14.18,-71.73
412.7,29.27,-14.18,-69.59
413.5,29.27,-14.18,-69.59
415.5,30.73,-13.55,-70.20
415.5,28.36,-12.27,-69.59
416.5,28.36,-12.27,-69.59
417.5,30.45,-15.27,-71.43
418.9,30.45,-15.27,-71.43
418.9,30.00,-13.27,-71.33
419.9,28.55,-15.36,-70.92
420.9,28.55,-15.36,-70.92
421.9,33.45,-14.36,-70.00
421.9,28.91,-14.09,-71.84
422.9,28.91,-14.09,-71.84
423.9,31.09,-14.45,-71.12
424.9,31.09,-14.45,-71.12
425.9,28.82,-14.64,-69.80
425.9,29.55,-13.18,-70.41
426.9,29.55,-13.18,-70.41
427.9,29.45,-14.55,-71.84
428.9,28.55,-14.82,-67.96
429.9,28.55,-14.82,-67.96
430.9,28.55,-13.36,-71.73
431.9,28.55,-13.36,-71.73
432.9,29.55,-14.18,-71.33
432.9,30.27,-14.36,-72.14
434.1,30.27,-14.36,-72.14
435.2,29.45,-12.82,-72.65
436.2,31.64,-11.73,-71.53
437.2,31.64,-11.73,-71.53
437.2,29.55,-15.18,-70.71
438.2,29.55,-15.18,-70.71
439.2,29.09,-12.55,-70.61
440.2,29.73,-16.73,-70.82
441.2,29.73,-16.73,-70.82
441.2,27.82,-14.00,-70.41
442.2,30.45,-14.27,-71.73
443.2,30.45,-14.27,-71.73
444.2,29.27,-13.27,-70.20
445.2,29.27,-13.27,-70.20
446.2,30.18,-12.55,-72.24
446.2,31.45,-13.64,-71.22
447.2,31.45,-13.64,-71.22
448.2,28.82,-13.82,-70.92
449.2,28.82,-13.91,-70.31
450.1,29.45,-13.91,-70.31
451.2,30.27,-13.45,-70.82
452.2,30.27,-13.45,-70.82
452.2,29.64,-14.55,-70.51
453.2,28.09,-14.18,-70.41
454.2,28.09,-14.18,-70.41
455.2,29.27,-15.27,-70.71
456.2,29.27,-15.27,-70.71
457.2,29.82,-15.36,-70.82
457.2,28.91,-13.82,-72.65
458.2,28.91,-13.82,-72.65
459.2,30.27,-13.64,-71.22
460.2,30.27,-15.64,-71.12
460.2,30.27,-15.64,-71.12
461.2,29.27,-12.00,-72.35
462.2,29.27,-12.00,-72.35
463.2,27.73,-13.18,-70.92
465.2,29.18,-14.64,-70.20
466.2,29.18,-14.64,-70.20
467.2,29.91,-14.64,-69.69
468.2,30.00,-14.91,-71.22
469.2,30.00,-14.91,-71.22
469.2,30.00,-14.00,-70.71
470.2,30.00,-14.00,-70.71
471.2,30.64,-14.09,-70.20
472.2,26.18,-15.36,-70.51
473.2,26.18,-15.36,-70.51
474.2,29.91,-12.09,-71.33
475.2,29.55,-14.64,-70.31
475.2,29.55,-14.64,-70.31
476.2,29.64,-15.36,-72.24
477.2,29.64,-15.36,-72.24
478.2,31.00,-13.55,-70.10
480.2,29.64,-11.91,-70.71
482.2,29.64,-11.91,-70.71
482.2,31.64,-14.82,-71.22
483.3,29.64,-14.18,-71.12
484.3,29.64,-14.18,-71.12
485.3,29.55,-16.09,-69.80
485.3,29.55,-16.09,-69.80
486.3,29.91,-13.36,-69.59
487.3,29.36,-12.73,-70.92
488.3,29.36,-12.73,-70.92
489.3,29.27,-14.91,-69.90
489.3,31.36,-14.73,-70.92
490.3,31.36,-14.73,-70.92
491.3,30.09,-16.27,-70.51
492.3,30.09,-16.27,-70.51
493.3,30.82,-12.45,-71.53
493.3,29.55,-16.45,-71.02
494.3,29.55,-16.45,-71.02
495.3,27.18,-15.09,-71.84
497.3,29.73,-15.18,-70.31
498.3,29.73,-15.18,-70.31
498.8,30.36,-14.73,-69.69
499.9,30.36,-14.73,-69.69
499.9,31.27,-15.09,-70.20
500.9,30.64,-12.27,-70.00
501.9,30.64,-12.27,-70.00
502.9,30.18,-15.09,-68.98
503.9,30.00,-14.45,-70.41
503.9,30.00,-14.45,-70.41
504.9,29.27,-12.91,-70.61
505.9,29.27,-12.91,-70.61
506.9,29.82,-15.27,-70.51
507.9,29.36,-14.45,-71.22
507.9,29.36,-14.45,-71.22
508.9,30.27,-15.45,-69.39
509.9,29.00,-12.82,-71.12
510.9,29.00,-12.82,-71.12
510.9,30.36,-12.55,-71.22
512.9,30.36,-12.55,-71.22
513.9,29.36,-13.36,-73.06
514.9,29.64,-14.45,-70.92
516.3,29.64,-14.45,-70.92
516.3,31.18,-14.18,-69.59
517.4,31.36,-16.00,-71.33
518.4,31.36,-16.00,-71.33
519.4,29.00,-12.45,-71.02
520.4,29.00,-12.45,-71.02
520.4,29.36,-13.09,-69.39
521.4,31.91,-12.64,-70.10
522.4,31.91,-12.64,-70.10
523.4,31.09,-13.91,-70.71
524.4,28.09,-13.91,-68.57
524.4,28.09,-13.91,-68.57
525.4,30.00,-14.64,-71.02
526.4,30.00,-14.64,-71.02
527.4,29.18,-14.18,-71.22
528.4,29.45,-14.18,-69.80
529.4,29.45,-14.18,-69.80
530.4,30.00,-14.91,-70.41
531.4,28.64,-12.82,-70.92
532.4,28.64,-12.82,-70.92
533.4,30.09,-12.36,-71.12
533.4,30.09,-12.36,-71.12
534.4,29.36,-15.36,-70.20
535.4,30.64,-14.73,-71.02
536.4,30.64,-14.73,-71.02
537.4,30.45,-13.82,-70.71
537.4,26.36,-13.91,-70.51
538.4,26.36,-13.91,-70.51
539.4,32.09,-15.45,-70.10
540.4,32.09,-15.45,-70.10
541.4,29.91,-12.82,-70.82
541.4,29.36,-13.55,-71.53
542.4,29.36,-13.55,-71.53
543.4,29.55,-13.64,-71.94
544.4,28.91,-13.73,-70.51
545.4,28.91,-13.73,-70.51
546.4,28.64,-15.00,-70.82
547.4,28.64,-15.00,-70.82
547.4,28.09,-14.36,-69.39
548.7,29.45,-14.45,-70.31
549.8,29.45,-14.45,-70.31
550.8,29.82,-15.82,-70.92
551.8,28.64,-14.00,-71.33
551.8,28.64,-14.00,-71.33
552.8,30.36,-14.00,-71.02
553.8,30.36,-14.00,-71.02
554.8,30.27,-12.91,-69.59
555.8,29.73,-13.82,-69.39
555.8,29.73,-13.82,-69.39
556.8,27.64,-13.82,-70.51
557.8,31.64,-12.73,-72.24
558.8,31.64,-12.73,-72.24
559.8,31.73,-13.36,-69.59
559.8,31.73,-13.36,-69.59
560.8,29.45,-13.82,-69.29
562.8,31.55,-13.64,-71.02
563.8,31.55,-13.64,-71.02
564.7,29.64,-13.00,-71.73
565.8,29.64,-15.27,-70.20
565.8,29.36,-15.27,-70.20
566.9,30.27,-13.91,-70.51
567.9,30.27,-13.91,-70.51
568.9,30.64,-13.18,-71.22
568.9,30.00,-14.00,-70.10
569.9,30.00,-14.00,-70.10
570.9,28.18,-13.73,-71.02
571.9,28.18,-13.73,-71.02
572.9,29.09,-14.82,-72.55
572.9,29.73,-14.82,-69.49
573.9,29.73,-14.82,-69.49
574.9,28.27,-13.64,-71.33
575.9,31.09,-13.45,-71.43
576.9,31.09,-13.45,-71.43
577.9,28.91,-12.82,-69.90
578.8,28.91,-12.82,-69.90
579.8,29.27,-14.64,-71.33
580.8,29.73,-14.64,-68.67
580.8,29.73,-14.64,-68.67
581.8,31.45,-12.36,-70.20
582.9,29.64,-13.91,-68.57
583.9,29.64,-13.91,-68.57
583.9,29.27,-13.82,-71.02
584.9,29.27,-13.82,-71.02
585.9,30.73,-13.45,-69.69
586.9,28.55,-13.73,-71.02
587.9,28.55,-13.73,-71.02
587.9,27.27,-14.45,-71.43
589.9,31.18,-12.55,-70.41
590.4,31.18,-12.55,-70.41
592.4,28.36,-10.64,-71.53
594.4,28.36,-10.64,-71.53
596.4,29.36,-12.73,-70.71
598.4,30.09,-14.18,-70.92
599.9,30.09,-14.18,-70.92
601.2,30.00,-11.36,-70.00
602.2,30.64,-15.64,-71.63
603.2,30.64,-15.64,-71.63
604.4,28.27,-11.91,-70.82
604.4,28.27,-11.91,-70.82
606.4,28.64,-14.27,-69.39
606.4,30.73,-13.91,-71.12
607.4,30.73,-13.91,-71.12
608.4,28.00,-13.55,-69.69
609.4,27.55,-13.27,-70.71
610.4,27.55,-13.27,-70.71
610.4,28.45,-14.73,-70.61
611.4,28.45,-14.73,-70.61
612.4,28.64,-12.73,-71.73
613.4,28.36,-13.18,-72.14
614.4,28.36,-13.18,-72.14
615.4,29.55,-12.55,-70.10
616.4,29.00,-14.27,-70.00
616.4,29.00,-14.27,-70.00
617.4,29.00,-14.82,-71.02
618.4,29.00,-14.82,-71.02
619.4,29.82,-12.82,-70.61
620.4,30.64,-13.09,-71.02
621.4,30.64,-13.09,-71.02
622.4,29.55,-13.91,-70.61
622.4,28.27,-14.91,-70.41
623.4,28.27,-14.91,-70.41
624.4,27.18,-14.36,-70.51
625.4,27.18,-14.36,-70.51
626.4,29.00,-14.55,-70.10
626.4,28.64,-12.36,-71.12
627.4,28.64,-12.36,-71.12
629.4,28.82,-13.27,-71.53
630.6,30.73,-16.55,-69.80
631.6,30.73,-16.55,-69.80
631.6,27.00,-18.64,-64.90
632.6,27.00,-18.64,-64.90
633.6,26.82,-19.09,-68.78
634.6,30.27,-19.45,-71.84
635.6,30.27,-19.45,-71.84
636.6,30.55,-21.36,-75.31
637.6,28.36,-21.91,-78.37
638.6,28.36,-21.91,-78.37
638.6,27.27,-22.64,-78.88
639.6,27.27,-22.64,-78.88
640.6,29.00,-21.55,-81.73
641.6,28.55,-22.27,-83.78
642.6,28.55,-22.27,-83.78
642.6,29.18,-20.73,-84.69
643.6,28.00,-19.73,-85.61
644.6,28.00,-19.73,-85.61
645.6,27.73,-21.55,-86.63
646.6,27.73,-21.55,-86.63
647.6,29.36,-20.45,-86.02
647.6,27.91,-20.27,-86.84
648.6,27.91,-20.27,-86.84
649.6,26.36,-20.73,-87.14
651.7,27.73,-18.00,-87.86
652.6,27.73,-18.00,-87.86
654.0,24.64,-17.73,-88.06
654.0,24.64,-17.73,-88.06
655.0,29.09,-19.09,-86.63
656.0,25.36,-17.91,-87.35
657.0,25.36,-17.91,-87.35
657.9,25.55,-19.27,-87.86
657.9,29.00,-17.18,-87.86
659.0,29.00,-17.18,-87.86
660.0,25.64,-18.82,-87.65
661.0,25.64,-18.82,-87.65
661.0,27.09,-18.82,-87.45
662.0,27.73,-17.00,-87.55
663.0,27.73,-17.00,-87.55
664.4,27.00,-16.45,-88.57
664.4,28.91,-21.73,-88.27
665.5,28.91,-21.73,-88.27
666.8,26.45,-17.91,-86.12
667.5,26.45,-17.91,-86.12
668.5,29.45,-17.73,-87.65
668.5,26.55,-19.09,-86.94
669.5,26.55,-19.09,-86.94
670.5,25.91,-19.09,-87.45
671.5,27.18,-19.00,-87.45
671.5,27.18,-19.00,-87.45
672.5,30.18,-17.91,-87.55
673.5,30.18,-17.91,-87.55
674.5,27.36,-18.09,-87.24
674.5,28.00,-19.36,-86.63
675.5,28.00,-19.36,-86.63
676.5,26.55,-19.09,-87.96
677.5,26.64,-19.73,-87.04
678.5,26.64,-19.73,-87.04
678.5,26.18,-17.82,-86.84
679.5,26.18,-17.82,-86.84
680.5,24.73,-19.18,-87.76
681.5,24.82,-18.09,-86.02
682.5,24.82,-18.09,-86.02
683.5,26.18,-19.18,-87.35
684.6,26.09,-18.64,-86.02
684.6,26.09,-18.64,-86.02
685.6,25.18,-18.09,-88.57
686.6,25.18,-18.09,-88.57
687.6,23.00,-16.36,-85.92
687.6,26.45,-18.36,-87.76
688.6,26.45,-18.36,-87.76
689.6,29.00,-16.64,-87.86
690.6,25.36,-16.09,-86.94
691.6,25.36,-16.09,-86.94
691.6,22.09,-19.45,-87.55
692.6,22.09,-19.45,-87.55
693.6,26.45,-17.91,-87.96
694.6,25.64,-17.27,-88.47
694.6,25.64,-17.27,-88.47
695.6,25.27,-18.82,-86.12
696.6,26.91,-17.45,-87.45
697.6,26.91,-17.45,-87.45
698.6,27.45,-21.45,-87.55
698.6,27.45,-21.45,-87.55
699.8,28.18,-23.73,-84.18
701.3,28.09,-24.00,-77.55
701.3,28.09,-24.00,-77.55
702.3,26.82,-21.64,-73.57
703.4,26.82,-21.64,-73.57
704.4,26.82,-21.64,-73.57
704.4,29.82,-17.18,-70.51
705.4,29.82,-17.18,-70.51
706.4,28.73,-17.55,-70.31
707.4,30.27,-17.45,-68.06
708.4,30.27,-17.45,-68.06
708.4,28.91,-16.64,-68.16
709.4,28.91,-16.64,-68.16
710.4,28.27,-15.45,-67.96
711.3,28.27,-15.18,-67.96
712.3,28.27,-15.18,-67.96
712.3,29.00,-14.45,-66.12
713.3,28.36,-16.36,-69.90
714.3,28.36,-16.36,-69.90
715.3,30.00,-14.36,-71.53
716.3,30.00,-14.36,-71.53
716.3,30.09,-14.82,-72.55
717.4,30.00,-14.36,-71.63
718.4,30.00,-14.36,-71.63
719.3,29.09,-13.55,-71.63
720.3,30.45,-13.82,-72.76
720.3,30.45,-13.82,-72.76
721.4,29.36,-14.09,-72.24
722.4,29.36,-14.09,-72.24
723.4,28.82,-14.36,-71.94
724.4,28.73,-10.82,-70.92
724.4,28.73,-10.82,-70.92
725.4,29.82,-12.27,-71.33
726.4,33.45,-13.36,-72.14
727.4,33.45,-13.36,-72.14
727.4,29.00,-13.27,-72.35
728.4,29.00,-13.27,-72.35
729.3,29.09,-13.73,-72.04
730.3,28.55,-13.18,-72.14
731.8,28.55,-13.18,-72.14
732.8,29.82,-13.73,-71.94
732.8,29.45,-14.73,-70.71
733.8,29.45,-14.73,-70.71
734.8,29.64,-13.18,-72.04
735.8,29.64,-13.18,-72.04
736.8,31.00,-13.18,-71.12
736.8,28.55,-13.36,-72.35
737.8,28.55,-13.36,-72.35
738.8,30.73,-12.55,-72.35
739.8,30.64,-13.73,-71.63
739.8,30.64,-13.73,-71.63
740.8,30.91,-13.00,-70.20
741.8,30.91,-13.00,-70.20
742.8,31.73,-15.91,-69.29
743.8,30.09,-13.27,-71.63
744.8,30.09,-13.27,-71.63
744.8,31.36,-15.00,-71.22
745.7,32.45,-12.82,-71.63
747.1,32.45,-12.82,-71.63
747.1,29.55,-10.82,-73.47
748.1,29.55,-10.82,-73.47
749.1,28.73,-14.73,-71.94
750.2,28.27,-14.18,-70.00
751.2,28.27,-14.18,-70.00
751.2,29.82,-13.36,-71.94
752.2,28.91,-12.45,-71.73
753.2,28.91,-12.45,-71.73
754.2,29.18,-15.09,-71.84
754.2,29.18,-15.09,-71.84
755.2,30.18,-14.55,-72.24
756.2,28.27,-15.18,-72.65
757.2,28.27,-15.18,-72.65
758.2,29.55,-12.91,-71.94
758.2,28.73,-13.82,-72.86
759.2,28.73,-13.82,-72.86
760.2,29.09,-12.00,-72.55
761.2,29.09,-12.00,-72.55
762.2,29.45,-14.27,-72.24
763.2,28.00,-12.09,-73.37
764.2,28.00,-12.09,-73.37
765.2,29.27,-15.27,-72.65
766.2,30.55,-11.73,-70.31
766.2,30.55,-11.73,-70.31
767.2,29.00,-15.91,-71.02
768.2,29.00,-15.91,-71.02
769.2,29.18,-12.36,-72.86
769.2,29.18,-14.09,-72.86
770.2,29.18,-14.09,-72.86
771.2,27.36,-13.91,-71.94
772.2,30.91,-12.82,-72.55
773.2,30.91,-12.82,-72.55
773.2,31.73,-9.09,-71.84
774.2,31.73,-9.09,-71.84
775.2,31.27,-12.36,-72.24
776.2,30.36,-14.55,-71.43
777.2,30.36,-14.55,-71.43
777.2,29.18,-16.09,-70.00
778.2,30.36,-11.09,-71.12
779.2,30.36,-11.09,-71.12
780.2,30.00,-12.45,-71.94
781.2,30.00,-12.45,-71.94
782.2,28.91,-14.91,-72.55
782.2,29.18,-14.27,-71.84
783.3,29.18,-14.27,-71.84
784.3,31.73,-12.82,-71.84
785.3,30.27,-14.27,-71.43
785.3,30.27,-14.27,-71.43
786.3,28.45,-12.82,-72.65
787.3,28.45,-12.82,-72.65
788.3,29.82,-13.09,-71.53
789.3,30.91,-12.36,-73.06
789.3,30.91,-12.36,-73.06
790.3,30.91,-12.73,-72.04
791.3,29.91,-13.27,-71.94
792.3,29.91,-13.27,-71.94
792.3,29.73,-12.00,-72.24
793.7,29.73,-12.00,-72.24
794.8,29.36,-12.91,-69.80
795.8,30.09,-11.73,-71.63
796.4,30.09,-11.73,-71.63
797.4,27.73,-14.55,-72.35
797.4,29.45,-11.36,-71.94
799.0,29.45,-11.36,-71.94
800.0,31.45,-13.73,-71.43
800.0,31.45,-13.73,-71.43
801.0,30.36,-13.64,-72.35
802.0,29.45,-13.82,-72.24
803.0,29.45,-13.82,-72.24
804.0,29.27,-14.55,-72.14
804.0,29.36,-14.18,-71.22
805.0,29.36,-14.18,-71.22
806.0,30.82,-13.00,-72.04
807.0,30.82,-13.00,-72.04
808.0,29.09,-12.55,-72.35
809.0,31.09,-13.55,-71.84
809.0,31.09,-13.55,-71.84
810.0,28.55,-14.00,-71.94
811.0,28.64,-11.91,-70.61
812.0,28.64,-11.91,-70.61
813.0,28.00,-12.73,-71.53
813.0,28.00,-12.73,-71.53
814.0,27.82,-16.18,-72.55
815.0,28.18,-15.09,-72.76
816.0,28.18,-15.09,-72.76
817.0,28.82,-12.45,-71.73
817.0,28.73,-14.55,-72.04
818.0,28.73,-14.55,-72.04
819.0,29.45,-13.18,-69.59
820.0,29.45,-13.18,-69.59
821.0,27.91,-12.82,-71.43
821.0,29.27,-14.27,-73.06
822.0,29.27,-14.27,-73.06
823.0,31.36,-14.09,-75.00
824.0,31.36,-15.91,-76.22
825.1,28.82,-15.91,-76.22
826.1,28.27,-16.55,-78.88
827.1,28.27,-16.55,-78.88
828.1,29.27,-17.55,-78.67
828.1,29.36,-16.82,-80.20
829.1,29.36,-16.82,-80.20
830.1,29.27,-16.64,-78.06
831.1,29.27,-16.64,-78.06
832.1,32.55,-17.45,-79.59
833.1,31.18,-18.45,-80.00
834.1,31.18,-18.45,-80.00
834.1,28.64,-15.27,-79.39
835.1,29.00,-17.27,-80.20
836.1,29.00,-17.27,-80.20
837.1,29.82,-14.64,-79.18
838.1,29.82,-14.64,-79.18
838.1,28.91,-18.18,-81.53
839.6,29.82,-16.27,-80.82
840.6,29.82,-16.27,-80.82
841.6,29.18,-15.64,-80.20
842.6,28.45,-15.09,-80.82
843.6,28.45,-15.09,-80.82
844.6,29.27,-15.27,-80.61
845.0,29.27,-15.27,-80.61
846.0,31.55,-15.55,-80.82
847.0,30.00,-18.18,-79.59
848.0,30.00,-18.18,-79.59
849.0,30.55,-15.27,-79.59
849.9,29.64,-15.82,-80.20
850.4,29.64,-15.82,-80.20
851.1,29.82,-17.09,-80.10
852.1,29.82,-17.09,-80.10
853.1,31.91,-14.73,-80.00
853.1,30.55,-16.64,-82.55
854.1,30.55,-16.64,-82.55
855.1,31.18,-15.55,-80.71
856.1,32.27,-16.00,-80.51
857.1,32.27,-16.00,-80.51
857.1,31.64,-16.45,-81.22
858.1,31.64,-16.45,-81.22
859.1,30.18,-18.82,-79.18
860.1,29.73,-15.64,-79.90
861.1,29.73,-15.64,-79.90
862.1,30.36,-18.82,-79.90
863.1,27.91,-16.09,-80.51
863.1,27.91,-16.09,-80.51
864.1,28.55,-15.09,-81.73
865.1,28.55,-15.09,-81.73
866.1,30.64,-16.09,-80.00
867.1,29.27,-17.55,-80.00
867.1,29.27,-17.55,-80.00
868.1,31.55,-15.64,-81.02
869.1,30.45,-15.73,-80.10
870.1,30.45,-15.73,-80.10
871.1,29.55,-17.00,-81.02
872.1,29.55,-17.00,-81.02
872.1,30.00,-16.27,-79.39
873.1,31.27,-19.09,-79.18
874.1,31.27,-19.09,-79.18
875.1,32.27,-16.18,-78.98
876.1,30.55,-18.00,-80.61
876.1,30.55,-18.00,-80.61
877.1,29.27,-18.27,-80.41
878.1,29.27,-18.27,-80.41
879.1,30.00,-15.82,-80.41
880.1,30.91,-18.36,-80.10
881.1,30.91,-18.36,-80.10
882.1,30.00,-17.18,-80.10
882.1,31.00,-16.82,-79.18
883.1,31.00,-16.82,-79.18
884.1,30.09,-16.18,-79.80
885.1,30.09,-16.18,-79.80
885.1,29.45,-17.64,-78.78
886.1,31.27,-16.27,-80.61
887.1,31.27,-16.27,-80.61
888.1,30.82,-16.64,-80.00
889.1,28.91,-19.09,-79.90
890.1,28.91,-19.09,-79.90
891.1,30.55,-16.64,-79.49
892.1,30.55,-16.64,-79.49
892.1,32.55,-16.00,-79.59
893.1,31.00,-17.18,-79.69
894.1,31.00,-17.18,-79.69
895.1,27.91,-15.18,-77.76
896.1,32.82,-17.00,-78.98
897.1,32.82,-17.00,-78.98
897.1,29.27,-16.36,-80.61
898.1,29.27,-16.36,-80.61
899.7,31.82,-15.18,-78.27
899.7,30.73,-16.82,-79.80
900.7,30.73,-16.82,-79.80
901.7,29.82,-17.64,-81.02
902.7,31.18,-14.73,-80.10
903.7,31.18,-14.73,-80.10
903.7,31.27,-18.45,-79.39
904.7,31.27,-18.45,-79.39
905.7,31.64,-17.27,-80.31
906.7,31.18,-17.18,-80.00
906.7,31.18,-17.18,-80.00
907.7,30.82,-17.09,-80.10
908.7,30.36,-17.09,-79.90
909.7,30.36,-17.09,-79.90
910.7,31.91,-15.91,-79.69
911.7,31.91,-15.91,-79.69
912.7,31.27,-18.00,-80.41
912.7,29.64,-16.00,-80.41
913.7,29.64,-16.00,-80.41
914.7,29.36,-15.45,-79.69
915.7,31.18,-14.91,-80.51
916.7,31.18,-14.91,-80.51
916.7,33.73,-17.64,-79.69
917.7,33.73,-17.64,-79.69
918.7,29.45,-16.36,-81.94
919.7,31.36,-16.36,-79.49
920.7,31.36,-16.36,-79.49
920.7,30.00,-16.09,-79.39
921.7,29.27,-15.73,-82.55
922.7,29.27,-15.73,-82.55
923.7,29.00,-18.36,-79.59
924.7,29.00,-18.36,-79.59
924.7,32.09,-18.27,-80.10
925.7,30.36,-15.36,-79.59
926.7,30.36,-15.36,-79.59
927.7,30.64,-15.73,-79.59
928.7,31.18,-18.00,-79.59
929.7,31.18,-18.00,-79.59
930.7,31.00,-17.18,-81.63
930.7,31.00,-17.18,-81.63
931.7,32.64,-16.82,-79.59
932.7,29.73,-15.36,-80.31
933.7,29.73,-15.36,-80.31
934.7,32.73,-17.73,-79.29
935.7,33.09,-16.18,-80.82
936.7,33.09,-16.18,-80.82
937.7,29.09,-18.00,-80.10
938.7,29.09,-18.00,-80.10
938.7,28.00,-15.73,-79.49
939.7,28.55,-18.45,-80.00
940.7,28.55,-18.45,-80.00
941.7,30.36,-19.64,-80.20
942.7,28.55,-16.91,-80.51
942.7,28.55,-16.91,-80.51
943.7,28.73,-17.45,-80.41
944.7,28.73,-17.45,-80.41
945.7,30.27,-16.09,-79.69
946.7,29.09,-16.45,-80.61
947.7,29.09,-16.45,-80.61
947.7,28.00,-15.36,-81.43
948.7,28.00,-19.09,-79.59
949.7,30.45,-19.09,-79.59
950.7,31.36,-17.36,-79.80
951.7,31.36,-17.36,-79.80
952.7,30.45,-17.18,-80.31
953.7,29.64,-14.36,-81.02
954.7,29.64,-14.36,-81.02
954.7,31.09,-16.73,-80.61
955.7,31.09,-16.73,-80.61
956.7,28.09,-16.27,-79.29
957.7,30.18,-16.27,-80.41
958.7,30.18,-16.27,-80.41
958.7,31.91,-18.36,-81.12
959.7,31.18,-17.00,-80.41
960.7,31.18,-17.00,-80.41
961.7,30.82,-17.82,-80.41
962.7,30.82,-17.82,-80.41
963.7,29.55,-16.27,-78.78
963.7,28.00,-17.64,-80.51
965.1,28.00,-17.64,-80.51
966.1,32.27,-18.09,-79.80
966.1,29.27,-17.27,-82.24
967.4,29.27,-17.27,-82.24
968.4,29.73,-14.91,-79.90
969.4,29.73,-14.91,-79.90
970.4,33.09,-16.64,-81.12
971.4,30.00,-17.55,-79.18
971.4,30.00,-17.55,-79.18
972.4,30.91,-18.73,-80.61
973.4,30.00,-18.18,-81.63
974.4,30.00,-18.18,-81.63
975.4,30.82,-15.45,-79.80
975.4,30.82,-15.45,-79.80
976.4,30.00,-16.73,-80.82
977.4,30.82,-16.91,-80.41
978.4,30.82,-16.91,-80.41
979.4,29.82,-18.55,-77.86
980.4,30.45,-18.09,-81.02
980.4,30.45,-18.09,-81.02
982.4,30.00,-18.27,-80.41
982.4,30.00,-18.27,-80.41
983.4,31.09,-19.00,-79.69
984.4,30.91,-14.82,-82.55
985.4,30.91,-14.82,-82.55
986.4,32.36,-16.36,-80.20
986.4,30.18,-18.55,-80.92
987.4,30.18,-18.55,-80.92
988.4,29.55,-14.09,-80.51
989.4,29.55,-14.09,-80.51
990.4,30.36,-16.82,-79.69
990.4,31.00,-15.91,-80.71
991.4,31.00,-15.91,-80.71
992.4,29.82,-16.00,-81.12
993.4,29.55,-14.82,-80.82
994.4,29.55,-14.82,-80.82
995.4,28.64,-14.91,-81.02
995.4,28.64,-14.91,-81.02
996.4,28.91,-15.55,-80.51
997.4,28.91,-15.64,-79.18
998.8,28.91,-15.64,-79.18
999.3,30.09,-16.00,-80.20
1000.3,30.45,-16.27,-78.37
1001.3,30.45,-16.27,-78.37
1002.3,30.64,-14.64,-80.20
1002.3,30.64,-14.64,-80.20
1003.3,32.09,-16.00,-80.31
1004.3,31.91,-16.64,-80.00
1005.3,31.91,-16.64,-80.00
1006.3,31.18,-14.91,-81.53
1006.3,30.27,-17.36,-80.20
1007.3,30.27,-17.36,-80.20
1008.3,29.73,-15.27,-79.80
1009.3,29.73,-15.27,-79.80
1010.3,28.64,-15.73,-80.82
1011.3,29.27,-16.18,-79.80
1011.3,29.27,-16.18,-79.80
1012.3,29.36,-16.45,-78.16
1014.3,30.00,-13.73,-81.12
1014.3,30.00,-13.73,-81.12
1015.3,28.64,-16.18,-81.12
1016.3,28.64,-16.18,-81.12
1017.3,28.55,-15.55,-80.00
1018.3,28.27,-14.00,-79.80
1019.3,28.27,-14.00,-79.80
1020.3,26.18,-15.09,-79.18
1020.3,29.73,-16.45,-78.98
1021.3,29.73,-16.45,-78.98
1022.3,28.73,-15.36,-80.10
1023.3,28.73,-15.36,-80.10
1023.3,28.73,-16.00,-79.49
1024.3,27.00,-17.27,-80.20
1025.3,27.00,-17.27,-80.20
1026.3,30.45,-16.00,-79.90
1027.3,29.55,-15.09,-79.80
1027.3,29.55,-15.09,-79.80
1028.3,29.82,-15.36,-78.98
1030.3,29.82,-15.36,-78.98
1031.3,28.82,-14.64,-78.88
1032.3,31.73,-16.45,-78.88
1034.3,31.73,-16.45,-78.88
1035.3,29.18,-16.82,-79.69
1037.5,30.00,-14.91,-76.73
1038.6,30.00,-14.91,-76.73
1039.6,28.36,-15.45,-79.59
1041.6,28.36,-15.45,-79.59
1042.8,28.82,-15.73,-78.57
1044.1,30.91,-17.36,-80.20
1045.1,30.91,-17.36,-80.20
1047.1,30.91,-15.36,-78.06
1047.1,29.82,-15.09,-79.69
1048.2,29.82,-15.09,-79.69
1049.2,30.45,-16.55,-79.18
1050.2,30.45,-16.55,-79.18
1051.2,28.09,-16.36,-80.10
1051.2,31.09,-16.45,-79.39
1052.1,31.09,-16.45,-79.39
1053.2,32.73,-18.91,-81.53
1053.2,30.73,-18.45,-79.59
1054.6,30.73,-18.45,-79.59
1055.6,33.55,-18.36,-78.98
1056.6,33.55,-18.36,-78.98
1057.6,32.09,-16.45,-79.59
1057.6,31.00,-16.36,-80.31
1058.6,31.00,-16.36,-80.31
1059.6,30.82,-18.18,-79.08
1060.6,32.00,-18.91,-80.10
1061.6,32.00,-18.91,-80.10
1062.6,29.82,-17.36,-79.69
1063.9,29.82,-17.36,-79.69
1065.2,31.73,-17.73,-79.49
1066.3,31.45,-17.55,-77.96
1067.3,31.45,-17.55,-77.96
1067.3,30.73,-19.36,-80.10
1068.3,32.64,-19.27,-79.18
1069.3,32.64,-19.27,-79.18
1070.3,31.36,-17.27,-79.29
1071.3,31.36,-17.27,-79.29
1072.3,32.27,-15.73,-81.43
1072.3,31.00,-16.55,-79.80
1073.3,31.00,-16.55,-79.80
1074.3,30.45,-18.82,-80.00
1075.3,32.18,-18.09,-80.31
1076.3,32.18,-18.09,-80.31
1077.3,30.73,-18.00,-78.47
1077.3,30.73,-18.00,-78.47
1078.3,30.45,-19.00,-79.29
1079.3,30.55,-18.00,-78.37
1080.3,30.55,-18.00,-78.37
1081.3,30.73,-17.64,-77.96
1082.3,30.64,-18.82,-79.80
1082.3,30.64,-18.82,-79.80
1083.3,29.36,-17.36,-81.22
1084.3,29.36,-17.36,-81.22
1085.3,31.64,-17.00,-78.27
1086.3,29.91,-17.82,-79.69
1086.3,29.91,-17.82,-79.69
1087.3,28.09,-18.45,-79.29
1088.3,30.73,-17.00,-78.06
1089.3,30.73,-17.00,-78.06
1090.3,33.73,-17.91,-80.00
1090.3,33.73,-17.91,-80.00
1091.3,31.18,-17.64,-80.41
1092.3,32.18,-18.27,-80.20
1093.3,32.18,-18.27,-80.20
1094.3,31.27,-18.00,-79.59
1095.3,31.27,-18.00,-79.59
1096.3,31.27,-18.00,-79.59
1096.3,31.00,-14.55,-78.88
1097.3,31.00,-14.55,-78.88
1098.3,30.64,-18.55,-78.37
1099.3,31.27,-18.55,-78.37
1099.8,31.27,-18.55,-78.37
1100.8,31.27,-17.09,-79.08
1101.8,31.27,-17.09,-79.08
1102.8,29.55,-16.36,-78.67
1102.8,31.55,-18.82,-79.18
1103.8,31.55,-18.82,-79.18
1104.8,30.45,-18.55,-78.06
1105.8,31.73,-17.64,-81.02
1106.8,31.73,-17.64,-81.02
1106.8,31.00,-14.91,-78.57
1107.8,31.00,-14.91,-78.57
1108.8,32.82,-18.91,-78.57
1109.8,31.27,-16.64,-78.06
1110.8,31.27,-16.64,-78.06
1111.8,30.18,-17.91,-78.67
1112.9,31.09,-16.36,-77.65
1113.8,31.09,-16.36,-77.65
1113.8,32.64,-17.55,-80.41
1114.8,32.64,-17.55,-80.41
1115.8,33.64,-18.36,-79.69
1116.8,29.64,-16.27,-79.18
1117.8,29.64,-16.27,-79.18
1117.8,28.91,-14.45,-80.31
1118.8,30.18,-14.27,-78.57
1119.8,30.18,-14.27,-78.57
1120.8,29.55,-16.73,-80.31
1121.8,29.55,-16.73,-80.31
1121.8,30.18,-16.64,-79.59
1122.8,26.82,-16.82,-78.37
1123.8,26.82,-16.82,-78.37
1124.8,29.45,-17.00,-79.90
1125.8,30.36,-15.45,-79.29
1125.8,30.36,-15.45,-79.29
1126.8,30.36,-17.27,-80.10
1127.8,30.36,-17.27,-80.10
1128.8,28.82,-16.36,-80.10
1129.8,30.55,-14.73,-80.10
1129.8,30.55,-14.73,-80.10
1130.8,31.09,-16.45,-78.16
1131.8,31.09,-17.55,-80.51
1132.8,31.09,-17.55,-80.51
1133.8,33.36,-13.27,-79.49
1134.8,33.36,-13.27,-79.49
1134.8,31.36,-14.82,-81.84
1135.8,32.18,-15.36,-80.82
1136.8,32.18,-15.36,-80.82
1137.8,31.45,-15.36,-82.76
1138.8,31.55,-17.55,-83.06
1138.8,31.55,-17.55,-83.06
1139.8,32.00,-17.09,-81.63
1140.8,32.00,-17.09,-81.63
1141.8,32.55,-16.00,-83.27
1142.8,33.00,-16.09,-82.96
1143.8,33.00,-16.09,-82.96
1143.8,33.73,-15.91,-83.47
1144.8,33.91,-16.73,-82.45
1145.8,33.91,-16.73,-82.45
1146.8,33.45,-15.55,-83.88
1147.8,33.45,-15.55,-83.88
1147.8,31.64,-15.36,-84.69
1148.8,32.18,-15.82,-83.98
1149.8,32.18,-15.82,-83.98
1150.8,31.09,-17.09,-84.39
1151.8,31.09,-15.73,-82.86
1151.8,31.09,-15.73,-82.86
1152.8,31.73,-16.27,-84.90
1153.8,31.73,-16.27,-84.90
1154.8,30.55,-18.27,-86.43
1155.8,32.00,-17.27,-85.20
1156.8,32.00,-17.27,-85.20
1157.8,31.09,-18.18,-87.65
1158.8,30.64,-17.36,-85.92
1159.8,30.64,-17.36,-85.92
1159.8,29.91,-17.36,-85.31
1160.8,29.91,-17.36,-85.31
1161.8,30.73,-17.27,-86.33
1162.8,30.82,-17.91,-85.92
1163.8,30.82,-17.91,-85.92
1163.8,29.36,-17.73,-85.41
1164.8,31.00,-20.18,-84.29
1165.8,31.00,-20.18,-84.29
1166.8,31.36,-16.64,-86.33
1167.8,31.36,-16.64,-86.33
1167.8,31.45,-19.73,-85.10
1168.8,30.36,-17.45,-85.41
1169.8,30.36,-17.45,-85.41
1170.8,29.55,-10.91,-85.51
1170.8,28.18,-17.27,-86.02
1171.8,28.18,-17.27,-86.02
1172.8,30.18,-17.18,-86.63
1173.8,30.18,-17.18,-86.63
1174.8,32.55,-17.73,-86.63
1174.8,31.27,-17.00,-85.20
1175.8,31.27,-17.00,-85.20
1176.8,29.36,-15.91,-86.63
1177.8,33.27,-16.55,-87.86
1177.8,33.27,-16.55,-87.86
1178.8,29.55,-18.64,-86.43
1180.0,29.55,-18.64,-86.43
1181.0,29.82,-17.18,-85.71
1181.0,30.45,-19.27,-85.92
1182.2,30.45,-19.27,-85.92
1183.2,32.64,-17.45,-86.53
1184.2,32.64,-18.00,-86.63
1184.2,32.64,-18.00,-86.63
1185.2,30.91,-21.09,-86.33
1186.2,30.91,-21.09,-86.33
1187.2,31.55,-21.45,-88.27
1188.2,29.45,-22.55,-91.94
1189.2,29.45,-22.55,-91.94
1190.2,30.27,-21.64,-93.37
1191.2,29.27,-21.36,-93.27
1192.2,29.27,-21.36,-93.27
1192.2,30.55,-19.36,-91.43
1193.7,30.55,-19.36,-91.43
1194.4,27.27,-19.73,-91.63
1196.0,32.91,-18.64,-90.41
1196.0,32.91,-18.64,-90.41
1197.0,29.73,-18.82,-90.20
1198.0,31.36,-18.82,-90.20
1198.0,31.36,-18.82,-90.20
1199.5,29.82,-17.73,-90.31
1200.4,29.82,-17.73,-90.31
1201.4,28.09,-19.45,-93.57
1202.6,27.45,-19.64,-92.14
1203.4,27.45,-19.64,-92.14
1204.6,29.55,-18.82,-92.96
1205.8,29.82,-20.91,-93.37
1206.4,29.82,-20.91,-93.37
1207.5,27.00,-21.00,-93.06
1208.1,27.00,-21.00,-93.06
1209.4,29.00,-21.82,-91.53
1209.9,27.09,-20.73,-91.12
1211.1,27.09,-20.73,-91.12
1211.6,29.27,-20.36,-91.84
1212.8,28.00,-22.00,-89.69
1212.8,28.00,-22.00,-89.69
1213.8,28.55,-18.64,-87.86
1214.8,28.55,-18.64,-87.86
1215.8,30.91,-20.73,-91.33
1217.0,29.36,-18.55,-90.71
1217.6,29.36,-18.55,-90.71
1218.6,29.82,-19.91,-91.53
1219.6,31.55,-19.09,-90.71
1220.6,31.55,-19.09,-90.71
1221.6,32.36,-20.36,-91.22
1222.6,32.36,-20.36,-91.22
1223.6,30.55,-19.18,-92.04
1223.6,31.45,-16.55,-91.63
1224.6,31.45,-16.55,-91.63
1225.6,32.00,-17.45,-91.02
1226.6,32.18,-16.18,-90.92
1227.6,32.18,-16.18,-90.92
1227.6,29.64,-15.09,-89.29
1229.6,29.64,-15.09,-89.29
1229.6,32.45,-15.73,-90.20
1230.6,35.91,-16.82,-90.71
1231.6,35.91,-16.82,-90.71
1232.6,31.64,-16.64,-88.06
1233.6,31.64,-16.64,-88.06
1233.6,31.64,-16.64,-88.06
1235.6,31.09,-17.82,-89.29
1236.6,31.09,-17.82,-89.29
1237.6,30.27,-16.73,-91.43
1238.6,31.36,-16.82,-92.96
1238.6,31.36,-16.82,-92.96
1239.6,29.00,-17.45,-92.04
1240.6,29.00,-17.45,-92.04
1241.6,30.55,-17.36,-93.88
1242.6,30.82,-19.00,-93.88
1242.6,30.82,-19.00,-93.88
1243.6,31.82,-16.82,-93.06
1244.6,31.27,-17.55,-94.29
1245.6,31.27,-17.55,-94.29
1246.6,33.45,-17.64,-94.08
1247.6,33.45,-17.64,-94.08
1248.6,31.36,-18.91,-95.51
1249.6,33.73,-16.27,-94.90
1250.6,33.73,-16.27,-94.90
1251.6,31.91,-15.09,-96.33
1251.6,30.45,-18.36,-94.90
1253.1,30.45,-18.36,-94.90
1254.1,32.64,-17.45,-95.61
1255.1,32.64,-17.45,-95.61
1255.1,31.73,-15.55,-94.80
1256.1,32.55,-18.36,-95.00
1257.1,32.55,-18.36,-95.00
1258.1,31.82,-18.64,-94.69
1259.1,33.18,-18.45,-97.65
1259.1,33.18,-18.45,-97.65
1260.1,31.55,-17.18,-94.49
1261.1,31.55,-17.18,-94.49
1262.1,31.64,-16.73,-96.53
1263.1,30.82,-17.27,-95.82
1264.1,30.82,-17.27,-95.82
1265.1,33.45,-17.18,-95.71
1265.1,30.27,-17.55,-94.69
1267.1,30.27,-17.55,-94.69
1267.1,30.73,-16.91,-96.53
1268.1,30.73,-16.91,-96.53
1269.2,31.73,-19.00,-96.22
1270.2,34.36,-17.64,-96.33
1271.2,34.36,-17.64,-96.33
1271.2,31.18,-16.91,-94.29
1272.2,31.27,-17.45,-96.12
1273.2,31.27,-17.45,-96.12
1274.2,30.45,-17.36,-97.24
1275.2,30.45,-17.36,-97.24
1275.2,31.27,-19.09,-96.22
1276.2,32.64,-17.55,-95.00
1277.2,32.64,-17.55,-95.00
1278.2,31.00,-17.91,-96.12
1279.2,31.73,-17.36,-95.82
1280.2,31.73,-17.36,-95.82
1281.2,32.09,-18.73,-95.82
1281.2,32.09,-18.73,-95.82
1282.2,32.45,-16.91,-95.41
1283.2,31.36,-18.91,-95.31
1284.2,31.36,-18.91,-95.31
1285.2,32.64,-20.18,-95.31
1286.2,31.64,-18.18,-94.90
1286.2,31.64,-18.18,-94.90
1287.2,31.91,-17.45,-96.84
1288.2,31.91,-17.45,-96.84
1289.2,31.73,-17.64,-95.92
1290.2,29.73,-18.91,-97.65
1290.2,29.73,-18.91,-97.65
1291.2,32.27,-17.45,-96.02
1292.2,30.18,-18.73,-95.10
1293.2,30.18,-18.73,-95.10
1294.2,32.91,-17.45,-95.82
1294.2,32.91,-17.45,-95.82
1295.2,31.36,-18.00,-95.51
1296.2,30.91,-15.82,-96.02
1297.2,30.91,-15.82,-96.02
1298.2,31.55,-18.00,-95.51
1299.7,31.45,-17.36,-94.59
1299.7,31.45,-17.36,-94.59
1300.7,32.55,-15.73,-96.53
1301.7,32.55,-15.73,-96.53
1302.7,30.18,-18.55,-95.51
1303.7,30.09,-16.00,-93.47
1303.7,30.09,-16.00,-93.47
1304.7,31.55,-19.09,-94.69
1305.7,31.18,-17.00,-94.29
1306.7,31.18,-17.00,-94.29
1306.7,33.36,-17.73,-95.10
1307.7,33.36,-17.73,-95.10
1308.7,33.82,-19.64,-95.10
1309.7,32.73,-17.36,-94.80
1310.7,32.73,-17.36,-94.80
1311.7,33.09,-16.82,-94.18
1312.7,32.18,-17.73,-93.78
1313.8,32.18,-17.73,-93.78
1314.8,31.00,-16.36,-95.20
1316.2,31.00,-16.36,-95.20
1317.7,32.45,-19.36,-93.98
1318.7,29.91,-15.91,-93.67
1318.7,29.91,-15.91,-93.67
1319.7,32.00,-17.00,-95.10
1320.7,33.36,-20.00,-94.69
1321.7,33.36,-20.00,-94.69
1322.7,29.64,-16.55,-93.88
1322.7,29.64,-16.55,-93.88
1323.7,32.73,-20.09,-92.55
1324.7,31.18,-18.00,-94.80
1325.7,31.18,-18.00,-94.80
1326.7,30.91,-18.18,-95.82
1326.7,31.36,-18.00,-95.00
1327.7,31.36,-18.00,-95.00
1328.7,31.91,-17.27,-93.88
1329.7,31.91,-17.27,-93.88
1330.7,33.00,-18.00,-93.88
1330.7,31.09,-18.00,-95.41
1331.7,31.09,-18.00,-95.41
1332.7,32.73,-17.82,-95.20
1333.7,31.91,-19.64,-95.61
1334.7,31.91,-19.64,-95.61
1335.7,29.73,-18.36,-95.92
1336.7,29.73,-18.36,-95.92
1336.7,29.91,-18.09,-96.63
1337.7,32.45,-16.36,-93.88
1338.7,32.45,-16.36,-93.88
1339.7,31.36,-18.36,-95.20
1340.7,29.91,-17.82,-95.61
1340.7,29.91,-17.82,-95.61
1341.7,30.09,-17.45,-95.51
1342.7,30.09,-17.45,-95.51
1343.7,32.45,-18.09,-96.33
1344.7,32.27,-17.36,-96.43
1344.7,32.27,-17.36,-96.43
1347.1,30.64,-16.73,-94.08
1348.2,33.27,-18.64,-96.43
1349.2,33.27,-18.64,-96.43
1350.2,32.45,-17.18,-94.90
1351.5,32.45,-17.18,-94.90
1351.5,32.82,-18.09,-94.18
1352.5,28.64,-19.27,-96.43
1353.5,28.64,-19.27,-96.43
1354.5,32.09,-17.82,-96.02
1355.3,32.09,-16.91,-96.43
1355.8,31.18,-16.91,-96.43
1356.8,32.18,-17.45,-94.90
1357.8,32.18,-17.45,-94.90
1358.5,32.27,-15.73,-96.02
1359.6,31.09,-18.91,-95.51
1359.6,31.09,-18.91,-95.51
1360.6,30.45,-15.18,-94.90
1361.6,30.45,-15.18,-94.90
1362.6,30.45,-15.18,-94.90
1363.6,31.36,-17.00,-95.51
1364.8,31.36,-17.00,-95.51
1381.0,30.00,-18.73,-94.29
1422.3,31.00,-18.73,-94.29
1463.1,31.00,-18.73,-94.29
1504.3,30.18,-16.82,-94.29
1545.3,30.18,-16.82,-94.29
1586.4,33.36,-19.36,-95.92
1626.2,29.45,-17.09,-95.51
1668.2,29.45,-17.09,-95.51
1709.0,32.27,-18.36,-95.51
1749.5,31.73,-17.91,-96.12
1791.2,31.73,-17.91,-96.12
1831.3,31.00,-16.45,-93.88
1871.5,31.00,-16.45,-93.88
1911.4,29.91,-18.09,-96.63
1949.8,31.91,-18.27,-94.80
1996.6,31.91,-18.27,-94.80
2030.2,34.73,-17.00,-93.67
2079.2,32.64,-18.18,-94.29
2118.1,32.64,-18.18,-94.29
2160.4,30.36,-17.18,-96.02
2199.6,30.36,-17.18,-96.02
2228.8,31.64,-17.45,-95.41
2277.0,31.45,-18.18,-94.90
2314.0,31.45,-18.18,-94.90
2358.3,30.82,-17.36,-94.29
2406.2,32.82,-18.55,-93.67
2447.1,32.82,-18.55,-93.67
2486.3,29.91,-16.55,-94.49
2528.6,29.91,-16.55,-94.49
2568.6,33.36,-18.55,-94.69
2601.8,33.27,-17.45,-93.27
2649.7,33.27,-17.45,-93.27
2690.1,30.36,-18.45,-93.78
2728.4,30.73,-17.27,-97.45
2773.3,30.73,-17.27,-97.45
2815.0,32.45,-17.73,-96.43
2855.0,32.45,-17.73,-96.43
2897.0,32.09,-17.09,-96.33
2934.2,30.55,-18.36,-98.47
2978.3,30.55,-18.36,-98.47
3017.7,31.64,-18.45,-100.10
3061.7,32.36,-19.18,-99.49
3102.3,32.36,-19.18,-99.49
3138.8,32.91,-18.09,-97.35
3185.0,32.91,-18.09,-97.35
3222.1,30.82,-19.27,-97.96
3265.8,32.91,-17.36,-97.35
3300.7,32.91,-17.36,-97.35
3347.9,30.91,-18.73,-97.65
3390.2,32.09,-18.00,-96.63
3431.0,32.09,-18.00,-96.63
3470.9,32.00,-19.09,-98.37
3503.4,32.00,-19.09,-98.37
3553.1,33.82,-17.82,-97.14
3585.7,32.00,-17.73,-97.24
3634.8,32.00,-17.73,-97.24
3667.2,29.82,-17.64,-97.55
3715.5,32.09,-20.00,-95.92
3750.8,32.09,-20.00,-95.92
3799.4,34.00,-19.00,-96.53
3837.7,34.00,-19.00,-96.53
3870.1,30.55,-20.27,-95.61
3917.6,31.82,-17.45,-95.61
3963.5,31.82,-17.45,-95.61
4001.1,30.91,-17.45,-94.29
4043.9,29.82,-15.91,-95.51
4082.2,29.82,-15.91,-95.51
4126.3,31.55,-17.64,-95.20
4166.4,31.55,-17.64,-95.20
4203.2,32.64,-18.36,-96.53
4249.2,32.36,-16.64,-97.65
4291.6,32.36,-16.64,-97.65
4327.9,31.91,-17.36,-96.33
4372.7,31.82,-16.64,-94.08
4415.0,31.82,-16.64,-94.08
4455.3,30.09,-18.18,-93.47
4489.3,30.09,-18.18,-93.47
4537.1,33.00,-18.18,-94.49
4579.3,30.36,-18.64,-96.43
4617.8,30.36,-18.64,-96.43
4660.2,33.00,-17.45,-93.88
4692.6,31.64,-18.36,-95.82
4741.8,31.64,-18.36,-95.82
4783.8,32.27,-19.27,-95.71
4822.5,32.27,-19.27,-95.71
4855.3,32.09,-18.55,-95.20
4903.4,33.27,-18.55,-95.10
4937.5,33.27,-18.55,-95.10
4985.3,29.18,-14.82,-94.29
5030.5,30.45,-19.00,-94.80
5068.3,30.45,-19.00,-94.80
5112.5,31.73,-17.55,-94.80
5153.1,31.73,-17.55,-94.80
5184.2,32.09,-19.00,-95.92
5233.7,30.00,-18.73,-95.71
5266.9,30.00,-18.73,-95.71
5317.2,30.82,-17.00,-95.61
5357.1,30.91,-16.82,-94.49
5387.3,30.91,-16.82,-94.49
5439.9,31.36,-17.27,-95.00
5466.0,31.36,-17.27,-95.00
5519.3,32.09,-18.36,-94.90
5563.7,30.91,-17.64,-95.10
5600.7,30.91,-17.64,-95.10
5644.0,33.82,-15.91,-95.51
5675.0,31.55,-18.36,-95.41
5723.5,31.55,-18.36,-95.41
5755.7,32.64,-18.73,-100.10
5804.9,32.64,-18.73,-100.10
5847.0,28.91,-16.09,-107.35
5889.9,34.91,-16.45,-123.27
5923.9,34.91,-16.45,-123.27
5968.8,33.09,-21.00,-154.29
6004.3,30.18,-31.55,-179.39
6048.2,30.18,-31.55,-179.39
6095.9,27.36,-32.45,-186.53
6132.2,27.36,-32.45,-186.53
6168.0,29.64,-24.36,-173.98
6217.6,33.45,-22.36,-141.33
6259.5,33.45,-22.36,-141.33
6299.2,34.55,-18.64,-113.98
6341.8,31.00,-19.45,-100.51
6380.5,31.00,-19.45,-100.51
6417.4,31.64,-16.18,-93.16
6461.6,31.64,-16.18,-93.16
6501.0,29.73,-17.18,-89.39
6542.6,31.73,-16.36,-89.49
6584.3,31.73,-16.36,-89.49
6628.8,28.82,-17.00,-90.00
6669.3,32.09,-16.45,-90.31
6700.8,32.09,-16.45,-90.31
6751.0,32.55,-16.09,-92.04
6784.3,32.55,-16.09,-92.04
6831.3,30.82,-18.18,-94.69
6867.7,32.55,-16.45,-101.63
6915.9,32.55,-16.45,-101.63
6957.5,28.82,-14.18,-112.24
6993.3,26.45,-12.91,-128.37
7038.2,26.45,-12.91,-128.37
7082.0,22.64,-14.09,-140.51
7118.4,22.64,-14.09,-140.51
7151.1,21.09,-10.18,-156.53
7202.3,13.18,-5.91,-177.96
7243.9,13.18,-5.91,-177.96
7283.6,13.82,-11.91,-196.94
7324.8,13.82,-13.91,-172.55
7360.0,22.91,-13.91,-172.55
7407.2,29.73,-16.55,-130.31
7445.4,29.73,-16.55,-130.31
7486.4,28.82,-16.45,-106.53
7529.8,30.91,-16.36,-95.92
7569.1,30.91,-16.36,-95.92
7611.2,31.27,-16.27,-93.98
7651.3,31.27,-16.27,-93.98
7695.6,31.09,-17.64,-89.18
7730.0,30.45,-18.00,-89.69
7776.2,30.45,-18.00,-89.69
7817.4,32.18,-18.18,-90.10
7852.9,32.00,-17.82,-91.33
7898.9,32.00,-17.82,-91.33
7931.8,32.00,-17.18,-94.49
7980.7,32.00,-17.18,-94.49
8021.1,31.55,-16.82,-95.51
8053.3,28.82,-16.27,-105.31
8098.6,28.82,-16.27,-105.31
8145.1,20.09,-14.64,-117.55
8184.6,12.64,-14.82,-132.96
8228.7,12.64,-14.82,-132.96
8267.0,3.82,-12.45,-147.86
8309.9,3.82,-12.45,-147.86
8350.3,-7.36,-10.82,-171.73
8390.9,-15.00,-14.36,-191.12
8432.0,-15.00,-14.36,-191.12
8473.9,-7.18,-16.55,-186.53
8513.6,13.36,-15.55,-148.37
8554.3,13.36,-15.55,-148.37
8588.8,27.36,-19.00,-112.04
8635.6,27.36,-19.00,-112.04
8669.5,31.36,-16.73,-97.45
8717.6,31.82,-16.45,-91.84
8751.3,31.82,-16.45,-91.84
8801.2,28.82,-16.64,-90.41
8833.8,30.18,-17.00,-88.78
8882.4,30.18,-17.00,-88.78
8924.1,31.09,-16.91,-88.57
8958.8,31.09,-16.91,-88.57
9006.7,30.82,-17.18,-89.08
9045.5,30.64,-19.36,-89.08
9088.0,30.64,-19.36,-89.08
9120.7,30.27,-17.64,-93.16
9170.9,30.00,-17.36,-96.43
9200.1,30.00,-17.36,-96.43
9251.1,26.82,-16.27,-103.88
9292.2,26.82,-16.27,-103.88
9334.8,20.91,-14.36,-114.69
9376.2,18.45,-15.27,-131.12
9408.5,18.45,-15.27,-131.12
9456.3,10.18,-13.55,-155.00
9497.8,-2.36,-15.00,-180.00
9539.1,-2.36,-15.00,-180.00
9571.3,-11.55,-17.55,-202.76
9618.9,-11.55,-17.55,-202.76
9663.9,-0.82,-22.73,-192.76
9701.9,20.00,-18.00,-142.45
9742.3,20.00,-18.00,-142.45
9785.1,29.82,-17.18,-108.16
9822.1,32.82,-14.27,-94.49
9866.1,32.82,-14.27,-94.49
9909.2,32.27,-17.09,-91.12
9949.2,32.27,-17.09,-91.12
9990.3,31.64,-17.55,-87.96
10032.0,31.00,-18.09,-88.37
10072.6,31.00,-18.09,-88.37
10114.5,30.55,-16.55,-87.76
10153.2,33.45,-15.91,-91.33
10196.2,33.45,-15.91,-91.33
10233.9,31.55,-16.18,-92.04
10278.8,31.55,-16.18,-92.04
10318.8,30.82,-16.09,-98.16
10358.4,31.82,-17.18,-107.65
10398.5,31.82,-17.18,-107.65
10436.4,25.73,-16.91,-128.16
10482.2,18.00,-21.36,-157.04
10524.0,18.00,-21.36,-157.04
10564.5,5.64,-36.27,-205.82
10604.8,5.64,-36.27,-205.82
10646.7,-17.55,-57.91,-417.96
10687.8,-35.91,-73.55,-417.96
10729.9,-35.91,-73.55,-417.96
10767.8,-11.82,-60.27,-417.96
10811.2,21.09,-36.36,-417.96
10850.3,21.09,-36.36,-417.96
10890.8,29.73,-19.64,-133.98
10933.7,29.73,-19.64,-133.98
10969.1,31.82,-13.91,-105.41
11015.8,33.64,-17.36,-95.82
11056.5,33.64,-17.36,-95.82
11096.7,32.36,-16.73,-91.12
11138.0,32.09,-17.27,-88.67
11179.9,32.09,-17.27,-88.67
11221.0,29.55,-15.64,-86.84
11262.3,29.55,-15.64,-86.84
11301.6,33.00,-18.00,-88.06
11343.2,33.00,-19.27,-88.16
11383.6,33.00,-19.27,-88.16
11425.0,30.09,-18.18,-90.92
11465.3,30.00,-17.18,-95.20
11505.2,30.00,-17.18,-95.20
11550.2,27.45,-17.73,-106.63
11592.2,27.45,-17.73,-106.63
11633.0,15.73,-18.82,-123.27
11671.4,-10.45,-32.91,-148.98
11714.0,-10.45,-32.91,-148.98
11751.2,-26.55,-55.45,-169.39
11794.7,-17.00,-47.09,-168.47
11835.1,-17.00,-47.09,-168.47
11876.4,11.64,-26.36,-139.80
11917.2,11.64,-26.36,-139.80
11958.5,26.00,-19.27,-109.80
12000.0,33.27,-18.00,-95.00
12041.1,33.27,-18.00,-95.00
12082.6,32.55,-17.55,-91.53
12122.5,31.00,-18.27,-88.57
12163.6,31.00,-18.27,-88.57
12204.6,33.09,-17.36,-88.88
12246.7,33.09,-17.36,-88.88
12286.2,31.82,-17.82,-88.37
12327.2,31.27,-16.55,-87.86
12368.9,31.27,-16.55,-87.86
12410.2,31.18,-17.18,-88.47
12450.5,32.82,-18.27,-90.71
12492.3,32.82,-18.27,-90.71
12532.5,30.55,-17.45,-93.37
12574.1,30.55,-17.45,-93.37
12615.0,29.55,-16.82,-97.14
12656.0,25.27,-18.09,-106.73
12697.5,25.27,-18.09,-106.73
12737.9,20.82,-21.36,-119.08
12779.8,9.27,-24.00,-133.78
12819.9,9.27,-24.00,-133.78
12861.2,-6.27,-31.27,-157.65
12901.9,-6.27,-31.27,-157.65
12943.3,-12.36,-41.64,-164.29
12983.8,12.09,-26.91,-140.51
13025.0,12.09,-26.91,-140.51
13065.6,27.91,-18.91,-108.47
